<application>
  <component name="ProjectManager">
    <defaultProject>
      <component name="PropertiesComponent"><![CDATA[{
  "keyToString": {
    "settings.editor.selected.configurable": "reference.settings.project.maven.archetype.catalogs"
  }
}]]></component>
      <component name="WindowStateProjectService">
        <state x="417" y="58" key="SettingsEditor" timestamp="1705157739299">
          <screen x="0" y="0" width="1536" height="824" />
        </state>
        <state x="417" y="58" key="SettingsEditor/0.0.1536.824" timestamp="1705157739299" />
      </component>
    </defaultProject>
  </component>
</application>