<application>
  <component name="Translation.Cache">
    <option name="lastTrimTime" value="1708497196647" />
  </component>
  <component name="Translation.Settings">
    <option name="primaryLanguage" value="CHINESE" />
    <option name="translator" value="YOUDAO" />
    <option name="youdaoTranslateSettings">
      <youdao-translate>
        <option name="appId" value="4b5179d7ca87bd4a" />
      </youdao-translate>
    </option>
  </component>
  <component name="Translation.States">
    <histories>
      <item value="Unchecked generics array creation for varargs parameter" />
      <item value="Call to 'Thread.sleep()' in a loop, probably busy-waiting" />
      <item value="Duplicated code fragment (7 lines long)" />
      <item value="@Transactional self-invocation (in effect, a method within the target object calling another method of the target object) does not lead to an actual transaction at runtime" />
      <item value="Makes tool window icons colorful. This plugin is based on the ToolWindow Colorful Icons plugin, and adds some icons. You can also choose icons to (de)activate: see Settings &gt; Appearance &amp; Behavior &gt; Extra ToolWindow Colorful Icons. If you find this plugin helpful, you can buy me a coffee or invest in a license for Extra Icons plugin, which allows you to change almost every icon in your IDE, and comes with 500+ icons for popular files, git submodules support, and more. Thank you! " />
      <item value="The tools are currently available as a standalone dialog or tool window. Additional settings can be found in IntelliJ's settingspreferences under Tools | Developer Tools." />
      <item value="Encoding and Decoding: JWT (JSON Web Tokens), Base32, Base64, URL Base64, MIME Base64, URL encoding, line breaks Regular Expression Matcher UUID, ULID, Nano ID and Password Generator Text Sorting Text Case Transformation Text Diff Viewer Text Format Conversion Text Escaping: HTML entities, Java Strings, JSON, CSV, and XML JSON Path Parser JSON Schema Validator Hashing Date Time Converter Time Conversion Code Style Formatting SQL Formatting Color Picker QR CodeBarcode Generator Lorem Ipsum Generator" />
      <item value="This plugin is a powerful and versatile set of tools designed to enhance the development experience for software engineers. With its extensive collection of features, developers can increase their productivity and simplify complex operations without leaving their coding environment." />
      <item value="seckill Voucher" />
      <item value="seckill" />
    </histories>
    <option name="languageScores">
      <map>
        <entry key="CHINESE" value="3" />
        <entry key="ENGLISH" value="1" />
        <entry key="FINNISH" value="3" />
      </map>
    </option>
  </component>
</application>