<application>
  <component name="ProjectManager">
    <defaultProject>
      <component name="Encoding" addBOMForNewFiles="with BOM under Windows, with no BOM otherwise" />
      <component name="ProjectViewState">
        <option name="autoscrollFromSource" value="true" />
        <option name="hideEmptyMiddlePackages" value="true" />
        <option name="showLibraryContents" value="true" />
      </component>
      <component name="PropertiesComponent">{
  &quot;keyToString&quot;: {
    &quot;settings.editor.selected.configurable&quot;: &quot;preferences.pluginManager&quot;
  }
}</component>
      <component name="TaskManager">
        <task active="true" id="Default" summary="默认任务">
          <created>1706429380189</created>
          <option name="number" value="Default" />
          <option name="presentableId" value="Default" />
          <updated>1706429380189</updated>
          <workItem from="1706429382919" duration="17000" />
        </task>
        <servers />
      </component>
      <component name="TimeTrackingManager">
        <option name="totallyTimeSpent" value="17000" />
      </component>
      <component name="WindowStateProjectService">
        <state x="361" y="141" key="Rider.ProjectTemplateDialog.Size" timestamp="1709611629314">
          <screen x="0" y="0" width="1536" height="824" />
        </state>
        <state x="361" y="141" key="Rider.ProjectTemplateDialog.Size/0.0.1536.824/16.-1440.2560.1400/-1904.-1082.1920.1040" timestamp="1709611629314" />
        <state x="270" y="15" key="SettingsEditor" timestamp="1709611648330">
          <screen x="0" y="0" width="1536" height="824" />
        </state>
        <state x="270" y="15" key="SettingsEditor/0.0.1536.824/0.-1440.2560.1400" timestamp="1706437444127" />
        <state x="270" y="15" key="SettingsEditor/0.0.1536.824/16.-1440.2560.1400/-1904.-1082.1920.1040" timestamp="1709611648330" />
      </component>
    </defaultProject>
  </component>
</application>