<application>
  <component name="Translation.Cache">
    <option name="lastTrimTime" value="1709103712056" />
  </component>
  <component name="Translation.Settings">
    <option name="primaryLanguage" value="AUTO" />
    <option name="translator" value="YOUDAO" />
    <option name="youdaoTranslateSettings">
      <youdao-translate>
        <option name="appId" value="4b5179d7ca87bd4a" />
      </youdao-translate>
    </option>
  </component>
  <component name="Translation.States">
    <histories>
      <item value="Retrieve information about the consumers for the given consumer group. This is the equivalent of calling &quot;XINFO GROUPS key group&quot;." />
      <item value="Read messages from a stream into an associated consumer group." />
      <item value="如何在测试中使用主体项目依赖注入的服务" />
      <item value="2" />
      <item value="The lease may or may not be held any longer" />
      <item value="Renewed" />
      <item value="Held" />
      <item value="The lease is known to be still held but was not renewed" />
      <item value="Lease State" />
      <item value="important to set this last, since the monitor constructor will read other fields of this" />
      <item value="extension Cadence" />
      <item value="Redis Mutex Primitive" />
      <item value="milliseconds" />
      <item value="This operation should be performed on the primary if it is available, but read operations may be performed on a replica if no primary is available. This is the default option." />
      <item value="The caller is not interested in the result; the caller will immediately receive a default-value of the expected return type (this value is not indicative of anything at the server)." />
    </histories>
    <option name="languageScores">
      <map>
        <entry key="CHINESE" value="12" />
        <entry key="ENGLISH" value="13" />
        <entry key="ROMANIAN" value="1" />
      </map>
    </option>
  </component>
</application>